./representation_syn/training_img/train_img_0_0.jpg,./representation_syn/training_label/label_0_0.png
./representation_syn/training_img/train_img_0_10.jpg,./representation_syn/training_label/label_0_10.png
./representation_syn/training_img/train_img_0_12.jpg,./representation_syn/training_label/label_0_12.png
./representation_syn/training_img/train_img_0_14.jpg,./representation_syn/training_label/label_0_14.png
./representation_syn/training_img/train_img_0_16.jpg,./representation_syn/training_label/label_0_16.png
./representation_syn/training_img/train_img_0_18.jpg,./representation_syn/training_label/label_0_18.png
./representation_syn/training_img/train_img_0_2.jpg,./representation_syn/training_label/label_0_2.png
./representation_syn/training_img/train_img_0_20.jpg,./representation_syn/training_label/label_0_20.png
./representation_syn/training_img/train_img_0_22.jpg,./representation_syn/training_label/label_0_22.png
./representation_syn/training_img/train_img_0_24.jpg,./representation_syn/training_label/label_0_24.png
./representation_syn/training_img/train_img_0_26.jpg,./representation_syn/training_label/label_0_26.png
./representation_syn/training_img/train_img_0_28.jpg,./representation_syn/training_label/label_0_28.png
./representation_syn/training_img/train_img_0_30.jpg,./representation_syn/training_label/label_0_30.png
./representation_syn/training_img/train_img_0_32.jpg,./representation_syn/training_label/label_0_32.png
./representation_syn/training_img/train_img_0_34.jpg,./representation_syn/training_label/label_0_34.png
./representation_syn/training_img/train_img_0_36.jpg,./representation_syn/training_label/label_0_36.png
./representation_syn/training_img/train_img_0_38.jpg,./representation_syn/training_label/label_0_38.png
./representation_syn/training_img/train_img_0_4.jpg,./representation_syn/training_label/label_0_4.png
./representation_syn/training_img/train_img_0_40.jpg,./representation_syn/training_label/label_0_40.png
./representation_syn/training_img/train_img_0_42.jpg,./representation_syn/training_label/label_0_42.png
./representation_syn/training_img/train_img_0_44.jpg,./representation_syn/training_label/label_0_44.png
./representation_syn/training_img/train_img_0_46.jpg,./representation_syn/training_label/label_0_46.png
./representation_syn/training_img/train_img_0_48.jpg,./representation_syn/training_label/label_0_48.png
./representation_syn/training_img/train_img_0_50.jpg,./representation_syn/training_label/label_0_50.png
./representation_syn/training_img/train_img_0_52.jpg,./representation_syn/training_label/label_0_52.png
./representation_syn/training_img/train_img_0_54.jpg,./representation_syn/training_label/label_0_54.png
./representation_syn/training_img/train_img_0_56.jpg,./representation_syn/training_label/label_0_56.png
./representation_syn/training_img/train_img_0_58.jpg,./representation_syn/training_label/label_0_58.png
./representation_syn/training_img/train_img_0_6.jpg,./representation_syn/training_label/label_0_6.png
./representation_syn/training_img/train_img_0_60.jpg,./representation_syn/training_label/label_0_60.png
./representation_syn/training_img/train_img_0_62.jpg,./representation_syn/training_label/label_0_62.png
./representation_syn/training_img/train_img_0_64.jpg,./representation_syn/training_label/label_0_64.png
./representation_syn/training_img/train_img_0_66.jpg,./representation_syn/training_label/label_0_66.png
./representation_syn/training_img/train_img_0_68.jpg,./representation_syn/training_label/label_0_68.png
./representation_syn/training_img/train_img_0_70.jpg,./representation_syn/training_label/label_0_70.png
./representation_syn/training_img/train_img_0_72.jpg,./representation_syn/training_label/label_0_72.png
./representation_syn/training_img/train_img_0_74.jpg,./representation_syn/training_label/label_0_74.png
./representation_syn/training_img/train_img_0_76.jpg,./representation_syn/training_label/label_0_76.png
./representation_syn/training_img/train_img_0_78.jpg,./representation_syn/training_label/label_0_78.png
./representation_syn/training_img/train_img_0_8.jpg,./representation_syn/training_label/label_0_8.png
./representation_syn/training_img/train_img_10_0.jpg,./representation_syn/training_label/label_10_0.png
./representation_syn/training_img/train_img_10_10.jpg,./representation_syn/training_label/label_10_10.png
./representation_syn/training_img/train_img_10_12.jpg,./representation_syn/training_label/label_10_12.png
./representation_syn/training_img/train_img_10_14.jpg,./representation_syn/training_label/label_10_14.png
./representation_syn/training_img/train_img_10_16.jpg,./representation_syn/training_label/label_10_16.png
./representation_syn/training_img/train_img_10_18.jpg,./representation_syn/training_label/label_10_18.png
./representation_syn/training_img/train_img_10_2.jpg,./representation_syn/training_label/label_10_2.png
./representation_syn/training_img/train_img_10_20.jpg,./representation_syn/training_label/label_10_20.png
./representation_syn/training_img/train_img_10_22.jpg,./representation_syn/training_label/label_10_22.png
./representation_syn/training_img/train_img_10_24.jpg,./representation_syn/training_label/label_10_24.png
./representation_syn/training_img/train_img_10_26.jpg,./representation_syn/training_label/label_10_26.png
./representation_syn/training_img/train_img_10_28.jpg,./representation_syn/training_label/label_10_28.png
./representation_syn/training_img/train_img_10_30.jpg,./representation_syn/training_label/label_10_30.png
./representation_syn/training_img/train_img_10_32.jpg,./representation_syn/training_label/label_10_32.png
./representation_syn/training_img/train_img_10_34.jpg,./representation_syn/training_label/label_10_34.png
./representation_syn/training_img/train_img_10_36.jpg,./representation_syn/training_label/label_10_36.png
./representation_syn/training_img/train_img_10_38.jpg,./representation_syn/training_label/label_10_38.png
./representation_syn/training_img/train_img_10_4.jpg,./representation_syn/training_label/label_10_4.png
./representation_syn/training_img/train_img_10_40.jpg,./representation_syn/training_label/label_10_40.png
./representation_syn/training_img/train_img_10_42.jpg,./representation_syn/training_label/label_10_42.png
./representation_syn/training_img/train_img_10_44.jpg,./representation_syn/training_label/label_10_44.png
./representation_syn/training_img/train_img_10_46.jpg,./representation_syn/training_label/label_10_46.png
./representation_syn/training_img/train_img_10_48.jpg,./representation_syn/training_label/label_10_48.png
./representation_syn/training_img/train_img_10_50.jpg,./representation_syn/training_label/label_10_50.png
./representation_syn/training_img/train_img_10_52.jpg,./representation_syn/training_label/label_10_52.png
./representation_syn/training_img/train_img_10_54.jpg,./representation_syn/training_label/label_10_54.png
./representation_syn/training_img/train_img_10_56.jpg,./representation_syn/training_label/label_10_56.png
./representation_syn/training_img/train_img_10_58.jpg,./representation_syn/training_label/label_10_58.png
./representation_syn/training_img/train_img_10_6.jpg,./representation_syn/training_label/label_10_6.png
./representation_syn/training_img/train_img_10_60.jpg,./representation_syn/training_label/label_10_60.png
./representation_syn/training_img/train_img_10_62.jpg,./representation_syn/training_label/label_10_62.png
./representation_syn/training_img/train_img_10_64.jpg,./representation_syn/training_label/label_10_64.png
./representation_syn/training_img/train_img_10_66.jpg,./representation_syn/training_label/label_10_66.png
./representation_syn/training_img/train_img_10_68.jpg,./representation_syn/training_label/label_10_68.png
./representation_syn/training_img/train_img_10_70.jpg,./representation_syn/training_label/label_10_70.png
./representation_syn/training_img/train_img_10_72.jpg,./representation_syn/training_label/label_10_72.png
./representation_syn/training_img/train_img_10_74.jpg,./representation_syn/training_label/label_10_74.png
./representation_syn/training_img/train_img_10_76.jpg,./representation_syn/training_label/label_10_76.png
./representation_syn/training_img/train_img_10_78.jpg,./representation_syn/training_label/label_10_78.png
./representation_syn/training_img/train_img_10_8.jpg,./representation_syn/training_label/label_10_8.png
./representation_syn/training_img/train_img_12_0.jpg,./representation_syn/training_label/label_12_0.png
./representation_syn/training_img/train_img_12_10.jpg,./representation_syn/training_label/label_12_10.png
./representation_syn/training_img/train_img_12_12.jpg,./representation_syn/training_label/label_12_12.png
./representation_syn/training_img/train_img_12_14.jpg,./representation_syn/training_label/label_12_14.png
./representation_syn/training_img/train_img_12_16.jpg,./representation_syn/training_label/label_12_16.png
./representation_syn/training_img/train_img_12_18.jpg,./representation_syn/training_label/label_12_18.png
./representation_syn/training_img/train_img_12_2.jpg,./representation_syn/training_label/label_12_2.png
./representation_syn/training_img/train_img_12_20.jpg,./representation_syn/training_label/label_12_20.png
./representation_syn/training_img/train_img_12_22.jpg,./representation_syn/training_label/label_12_22.png
./representation_syn/training_img/train_img_12_24.jpg,./representation_syn/training_label/label_12_24.png
./representation_syn/training_img/train_img_12_26.jpg,./representation_syn/training_label/label_12_26.png
./representation_syn/training_img/train_img_12_28.jpg,./representation_syn/training_label/label_12_28.png
./representation_syn/training_img/train_img_12_30.jpg,./representation_syn/training_label/label_12_30.png
./representation_syn/training_img/train_img_12_32.jpg,./representation_syn/training_label/label_12_32.png
./representation_syn/training_img/train_img_12_34.jpg,./representation_syn/training_label/label_12_34.png
./representation_syn/training_img/train_img_12_36.jpg,./representation_syn/training_label/label_12_36.png
./representation_syn/training_img/train_img_12_38.jpg,./representation_syn/training_label/label_12_38.png
./representation_syn/training_img/train_img_12_4.jpg,./representation_syn/training_label/label_12_4.png
./representation_syn/training_img/train_img_12_40.jpg,./representation_syn/training_label/label_12_40.png
./representation_syn/training_img/train_img_12_42.jpg,./representation_syn/training_label/label_12_42.png
./representation_syn/training_img/train_img_12_44.jpg,./representation_syn/training_label/label_12_44.png
./representation_syn/training_img/train_img_12_46.jpg,./representation_syn/training_label/label_12_46.png
./representation_syn/training_img/train_img_12_48.jpg,./representation_syn/training_label/label_12_48.png
./representation_syn/training_img/train_img_12_50.jpg,./representation_syn/training_label/label_12_50.png
./representation_syn/training_img/train_img_12_52.jpg,./representation_syn/training_label/label_12_52.png
./representation_syn/training_img/train_img_12_54.jpg,./representation_syn/training_label/label_12_54.png
./representation_syn/training_img/train_img_12_56.jpg,./representation_syn/training_label/label_12_56.png
./representation_syn/training_img/train_img_12_58.jpg,./representation_syn/training_label/label_12_58.png
./representation_syn/training_img/train_img_12_6.jpg,./representation_syn/training_label/label_12_6.png
./representation_syn/training_img/train_img_12_60.jpg,./representation_syn/training_label/label_12_60.png
./representation_syn/training_img/train_img_12_62.jpg,./representation_syn/training_label/label_12_62.png
./representation_syn/training_img/train_img_12_64.jpg,./representation_syn/training_label/label_12_64.png
./representation_syn/training_img/train_img_12_66.jpg,./representation_syn/training_label/label_12_66.png
./representation_syn/training_img/train_img_12_68.jpg,./representation_syn/training_label/label_12_68.png
./representation_syn/training_img/train_img_12_70.jpg,./representation_syn/training_label/label_12_70.png
./representation_syn/training_img/train_img_12_72.jpg,./representation_syn/training_label/label_12_72.png
./representation_syn/training_img/train_img_12_74.jpg,./representation_syn/training_label/label_12_74.png
./representation_syn/training_img/train_img_12_76.jpg,./representation_syn/training_label/label_12_76.png
./representation_syn/training_img/train_img_12_78.jpg,./representation_syn/training_label/label_12_78.png
./representation_syn/training_img/train_img_12_8.jpg,./representation_syn/training_label/label_12_8.png
./representation_syn/training_img/train_img_14_0.jpg,./representation_syn/training_label/label_14_0.png
./representation_syn/training_img/train_img_14_10.jpg,./representation_syn/training_label/label_14_10.png
./representation_syn/training_img/train_img_14_12.jpg,./representation_syn/training_label/label_14_12.png
./representation_syn/training_img/train_img_14_14.jpg,./representation_syn/training_label/label_14_14.png
./representation_syn/training_img/train_img_14_16.jpg,./representation_syn/training_label/label_14_16.png
./representation_syn/training_img/train_img_14_18.jpg,./representation_syn/training_label/label_14_18.png
./representation_syn/training_img/train_img_14_2.jpg,./representation_syn/training_label/label_14_2.png
./representation_syn/training_img/train_img_14_20.jpg,./representation_syn/training_label/label_14_20.png
./representation_syn/training_img/train_img_14_22.jpg,./representation_syn/training_label/label_14_22.png
./representation_syn/training_img/train_img_14_24.jpg,./representation_syn/training_label/label_14_24.png
./representation_syn/training_img/train_img_14_26.jpg,./representation_syn/training_label/label_14_26.png
./representation_syn/training_img/train_img_14_28.jpg,./representation_syn/training_label/label_14_28.png
./representation_syn/training_img/train_img_14_30.jpg,./representation_syn/training_label/label_14_30.png
./representation_syn/training_img/train_img_14_32.jpg,./representation_syn/training_label/label_14_32.png
./representation_syn/training_img/train_img_14_34.jpg,./representation_syn/training_label/label_14_34.png
./representation_syn/training_img/train_img_14_36.jpg,./representation_syn/training_label/label_14_36.png
./representation_syn/training_img/train_img_14_38.jpg,./representation_syn/training_label/label_14_38.png
./representation_syn/training_img/train_img_14_4.jpg,./representation_syn/training_label/label_14_4.png
./representation_syn/training_img/train_img_14_40.jpg,./representation_syn/training_label/label_14_40.png
./representation_syn/training_img/train_img_14_42.jpg,./representation_syn/training_label/label_14_42.png
./representation_syn/training_img/train_img_14_44.jpg,./representation_syn/training_label/label_14_44.png
./representation_syn/training_img/train_img_14_46.jpg,./representation_syn/training_label/label_14_46.png
./representation_syn/training_img/train_img_14_48.jpg,./representation_syn/training_label/label_14_48.png
./representation_syn/training_img/train_img_14_50.jpg,./representation_syn/training_label/label_14_50.png
./representation_syn/training_img/train_img_14_52.jpg,./representation_syn/training_label/label_14_52.png
./representation_syn/training_img/train_img_14_54.jpg,./representation_syn/training_label/label_14_54.png
./representation_syn/training_img/train_img_14_56.jpg,./representation_syn/training_label/label_14_56.png
./representation_syn/training_img/train_img_14_58.jpg,./representation_syn/training_label/label_14_58.png
./representation_syn/training_img/train_img_14_6.jpg,./representation_syn/training_label/label_14_6.png
./representation_syn/training_img/train_img_14_60.jpg,./representation_syn/training_label/label_14_60.png
./representation_syn/training_img/train_img_14_62.jpg,./representation_syn/training_label/label_14_62.png
./representation_syn/training_img/train_img_14_64.jpg,./representation_syn/training_label/label_14_64.png
./representation_syn/training_img/train_img_14_66.jpg,./representation_syn/training_label/label_14_66.png
./representation_syn/training_img/train_img_14_68.jpg,./representation_syn/training_label/label_14_68.png
./representation_syn/training_img/train_img_14_70.jpg,./representation_syn/training_label/label_14_70.png
./representation_syn/training_img/train_img_14_72.jpg,./representation_syn/training_label/label_14_72.png
./representation_syn/training_img/train_img_14_74.jpg,./representation_syn/training_label/label_14_74.png
./representation_syn/training_img/train_img_14_76.jpg,./representation_syn/training_label/label_14_76.png
./representation_syn/training_img/train_img_14_78.jpg,./representation_syn/training_label/label_14_78.png
./representation_syn/training_img/train_img_14_8.jpg,./representation_syn/training_label/label_14_8.png
./representation_syn/training_img/train_img_16_0.jpg,./representation_syn/training_label/label_16_0.png
./representation_syn/training_img/train_img_16_10.jpg,./representation_syn/training_label/label_16_10.png
./representation_syn/training_img/train_img_16_12.jpg,./representation_syn/training_label/label_16_12.png
./representation_syn/training_img/train_img_16_14.jpg,./representation_syn/training_label/label_16_14.png
./representation_syn/training_img/train_img_16_16.jpg,./representation_syn/training_label/label_16_16.png
./representation_syn/training_img/train_img_16_18.jpg,./representation_syn/training_label/label_16_18.png
./representation_syn/training_img/train_img_16_2.jpg,./representation_syn/training_label/label_16_2.png
./representation_syn/training_img/train_img_16_20.jpg,./representation_syn/training_label/label_16_20.png
./representation_syn/training_img/train_img_16_22.jpg,./representation_syn/training_label/label_16_22.png
./representation_syn/training_img/train_img_16_24.jpg,./representation_syn/training_label/label_16_24.png
./representation_syn/training_img/train_img_16_26.jpg,./representation_syn/training_label/label_16_26.png
./representation_syn/training_img/train_img_16_28.jpg,./representation_syn/training_label/label_16_28.png
./representation_syn/training_img/train_img_16_30.jpg,./representation_syn/training_label/label_16_30.png
./representation_syn/training_img/train_img_16_32.jpg,./representation_syn/training_label/label_16_32.png
./representation_syn/training_img/train_img_16_34.jpg,./representation_syn/training_label/label_16_34.png
./representation_syn/training_img/train_img_16_36.jpg,./representation_syn/training_label/label_16_36.png
./representation_syn/training_img/train_img_16_38.jpg,./representation_syn/training_label/label_16_38.png
./representation_syn/training_img/train_img_16_4.jpg,./representation_syn/training_label/label_16_4.png
./representation_syn/training_img/train_img_16_40.jpg,./representation_syn/training_label/label_16_40.png
./representation_syn/training_img/train_img_16_42.jpg,./representation_syn/training_label/label_16_42.png
./representation_syn/training_img/train_img_16_44.jpg,./representation_syn/training_label/label_16_44.png
./representation_syn/training_img/train_img_16_46.jpg,./representation_syn/training_label/label_16_46.png
./representation_syn/training_img/train_img_16_48.jpg,./representation_syn/training_label/label_16_48.png
./representation_syn/training_img/train_img_16_50.jpg,./representation_syn/training_label/label_16_50.png
./representation_syn/training_img/train_img_16_52.jpg,./representation_syn/training_label/label_16_52.png
./representation_syn/training_img/train_img_16_54.jpg,./representation_syn/training_label/label_16_54.png
./representation_syn/training_img/train_img_16_56.jpg,./representation_syn/training_label/label_16_56.png
./representation_syn/training_img/train_img_16_58.jpg,./representation_syn/training_label/label_16_58.png
./representation_syn/training_img/train_img_16_6.jpg,./representation_syn/training_label/label_16_6.png
./representation_syn/training_img/train_img_16_60.jpg,./representation_syn/training_label/label_16_60.png
./representation_syn/training_img/train_img_16_62.jpg,./representation_syn/training_label/label_16_62.png
./representation_syn/training_img/train_img_16_64.jpg,./representation_syn/training_label/label_16_64.png
./representation_syn/training_img/train_img_16_66.jpg,./representation_syn/training_label/label_16_66.png
./representation_syn/training_img/train_img_16_68.jpg,./representation_syn/training_label/label_16_68.png
./representation_syn/training_img/train_img_16_70.jpg,./representation_syn/training_label/label_16_70.png
./representation_syn/training_img/train_img_16_72.jpg,./representation_syn/training_label/label_16_72.png
./representation_syn/training_img/train_img_16_74.jpg,./representation_syn/training_label/label_16_74.png
./representation_syn/training_img/train_img_16_76.jpg,./representation_syn/training_label/label_16_76.png
./representation_syn/training_img/train_img_16_78.jpg,./representation_syn/training_label/label_16_78.png
./representation_syn/training_img/train_img_16_8.jpg,./representation_syn/training_label/label_16_8.png
./representation_syn/training_img/train_img_18_0.jpg,./representation_syn/training_label/label_18_0.png
./representation_syn/training_img/train_img_18_10.jpg,./representation_syn/training_label/label_18_10.png
./representation_syn/training_img/train_img_18_12.jpg,./representation_syn/training_label/label_18_12.png
./representation_syn/training_img/train_img_18_14.jpg,./representation_syn/training_label/label_18_14.png
./representation_syn/training_img/train_img_18_16.jpg,./representation_syn/training_label/label_18_16.png
./representation_syn/training_img/train_img_18_18.jpg,./representation_syn/training_label/label_18_18.png
./representation_syn/training_img/train_img_18_2.jpg,./representation_syn/training_label/label_18_2.png
./representation_syn/training_img/train_img_18_20.jpg,./representation_syn/training_label/label_18_20.png
./representation_syn/training_img/train_img_18_22.jpg,./representation_syn/training_label/label_18_22.png
./representation_syn/training_img/train_img_18_24.jpg,./representation_syn/training_label/label_18_24.png
./representation_syn/training_img/train_img_18_26.jpg,./representation_syn/training_label/label_18_26.png
./representation_syn/training_img/train_img_18_28.jpg,./representation_syn/training_label/label_18_28.png
./representation_syn/training_img/train_img_18_30.jpg,./representation_syn/training_label/label_18_30.png
./representation_syn/training_img/train_img_18_32.jpg,./representation_syn/training_label/label_18_32.png
./representation_syn/training_img/train_img_18_34.jpg,./representation_syn/training_label/label_18_34.png
./representation_syn/training_img/train_img_18_36.jpg,./representation_syn/training_label/label_18_36.png
./representation_syn/training_img/train_img_18_38.jpg,./representation_syn/training_label/label_18_38.png
./representation_syn/training_img/train_img_18_4.jpg,./representation_syn/training_label/label_18_4.png
./representation_syn/training_img/train_img_18_40.jpg,./representation_syn/training_label/label_18_40.png
./representation_syn/training_img/train_img_18_42.jpg,./representation_syn/training_label/label_18_42.png
./representation_syn/training_img/train_img_18_44.jpg,./representation_syn/training_label/label_18_44.png
./representation_syn/training_img/train_img_18_46.jpg,./representation_syn/training_label/label_18_46.png
./representation_syn/training_img/train_img_18_48.jpg,./representation_syn/training_label/label_18_48.png
./representation_syn/training_img/train_img_18_50.jpg,./representation_syn/training_label/label_18_50.png
./representation_syn/training_img/train_img_18_52.jpg,./representation_syn/training_label/label_18_52.png
./representation_syn/training_img/train_img_18_54.jpg,./representation_syn/training_label/label_18_54.png
./representation_syn/training_img/train_img_18_56.jpg,./representation_syn/training_label/label_18_56.png
./representation_syn/training_img/train_img_18_58.jpg,./representation_syn/training_label/label_18_58.png
./representation_syn/training_img/train_img_18_6.jpg,./representation_syn/training_label/label_18_6.png
./representation_syn/training_img/train_img_18_60.jpg,./representation_syn/training_label/label_18_60.png
./representation_syn/training_img/train_img_18_62.jpg,./representation_syn/training_label/label_18_62.png
./representation_syn/training_img/train_img_18_64.jpg,./representation_syn/training_label/label_18_64.png
./representation_syn/training_img/train_img_18_66.jpg,./representation_syn/training_label/label_18_66.png
./representation_syn/training_img/train_img_18_68.jpg,./representation_syn/training_label/label_18_68.png
./representation_syn/training_img/train_img_18_70.jpg,./representation_syn/training_label/label_18_70.png
./representation_syn/training_img/train_img_18_72.jpg,./representation_syn/training_label/label_18_72.png
./representation_syn/training_img/train_img_18_74.jpg,./representation_syn/training_label/label_18_74.png
./representation_syn/training_img/train_img_18_76.jpg,./representation_syn/training_label/label_18_76.png
./representation_syn/training_img/train_img_18_78.jpg,./representation_syn/training_label/label_18_78.png
./representation_syn/training_img/train_img_18_8.jpg,./representation_syn/training_label/label_18_8.png
./representation_syn/training_img/train_img_20_0.jpg,./representation_syn/training_label/label_20_0.png
./representation_syn/training_img/train_img_20_10.jpg,./representation_syn/training_label/label_20_10.png
./representation_syn/training_img/train_img_20_12.jpg,./representation_syn/training_label/label_20_12.png
./representation_syn/training_img/train_img_20_14.jpg,./representation_syn/training_label/label_20_14.png
./representation_syn/training_img/train_img_20_16.jpg,./representation_syn/training_label/label_20_16.png
./representation_syn/training_img/train_img_20_18.jpg,./representation_syn/training_label/label_20_18.png
./representation_syn/training_img/train_img_20_2.jpg,./representation_syn/training_label/label_20_2.png
./representation_syn/training_img/train_img_20_20.jpg,./representation_syn/training_label/label_20_20.png
./representation_syn/training_img/train_img_20_22.jpg,./representation_syn/training_label/label_20_22.png
./representation_syn/training_img/train_img_20_24.jpg,./representation_syn/training_label/label_20_24.png
./representation_syn/training_img/train_img_20_26.jpg,./representation_syn/training_label/label_20_26.png
./representation_syn/training_img/train_img_20_28.jpg,./representation_syn/training_label/label_20_28.png
./representation_syn/training_img/train_img_20_30.jpg,./representation_syn/training_label/label_20_30.png
./representation_syn/training_img/train_img_20_32.jpg,./representation_syn/training_label/label_20_32.png
./representation_syn/training_img/train_img_20_34.jpg,./representation_syn/training_label/label_20_34.png
./representation_syn/training_img/train_img_20_36.jpg,./representation_syn/training_label/label_20_36.png
./representation_syn/training_img/train_img_20_38.jpg,./representation_syn/training_label/label_20_38.png
./representation_syn/training_img/train_img_20_4.jpg,./representation_syn/training_label/label_20_4.png
./representation_syn/training_img/train_img_20_40.jpg,./representation_syn/training_label/label_20_40.png
./representation_syn/training_img/train_img_20_42.jpg,./representation_syn/training_label/label_20_42.png
./representation_syn/training_img/train_img_20_44.jpg,./representation_syn/training_label/label_20_44.png
./representation_syn/training_img/train_img_20_46.jpg,./representation_syn/training_label/label_20_46.png
./representation_syn/training_img/train_img_20_48.jpg,./representation_syn/training_label/label_20_48.png
./representation_syn/training_img/train_img_20_50.jpg,./representation_syn/training_label/label_20_50.png
./representation_syn/training_img/train_img_20_52.jpg,./representation_syn/training_label/label_20_52.png
./representation_syn/training_img/train_img_20_54.jpg,./representation_syn/training_label/label_20_54.png
./representation_syn/training_img/train_img_20_56.jpg,./representation_syn/training_label/label_20_56.png
./representation_syn/training_img/train_img_20_58.jpg,./representation_syn/training_label/label_20_58.png
./representation_syn/training_img/train_img_20_6.jpg,./representation_syn/training_label/label_20_6.png
./representation_syn/training_img/train_img_20_60.jpg,./representation_syn/training_label/label_20_60.png
./representation_syn/training_img/train_img_20_62.jpg,./representation_syn/training_label/label_20_62.png
./representation_syn/training_img/train_img_20_64.jpg,./representation_syn/training_label/label_20_64.png
./representation_syn/training_img/train_img_20_66.jpg,./representation_syn/training_label/label_20_66.png
./representation_syn/training_img/train_img_20_68.jpg,./representation_syn/training_label/label_20_68.png
./representation_syn/training_img/train_img_20_70.jpg,./representation_syn/training_label/label_20_70.png
./representation_syn/training_img/train_img_20_72.jpg,./representation_syn/training_label/label_20_72.png
./representation_syn/training_img/train_img_20_74.jpg,./representation_syn/training_label/label_20_74.png
./representation_syn/training_img/train_img_20_76.jpg,./representation_syn/training_label/label_20_76.png
./representation_syn/training_img/train_img_20_78.jpg,./representation_syn/training_label/label_20_78.png
./representation_syn/training_img/train_img_20_8.jpg,./representation_syn/training_label/label_20_8.png
./representation_syn/training_img/train_img_22_0.jpg,./representation_syn/training_label/label_22_0.png
./representation_syn/training_img/train_img_22_10.jpg,./representation_syn/training_label/label_22_10.png
./representation_syn/training_img/train_img_22_12.jpg,./representation_syn/training_label/label_22_12.png
./representation_syn/training_img/train_img_22_14.jpg,./representation_syn/training_label/label_22_14.png
./representation_syn/training_img/train_img_22_16.jpg,./representation_syn/training_label/label_22_16.png
./representation_syn/training_img/train_img_22_18.jpg,./representation_syn/training_label/label_22_18.png
./representation_syn/training_img/train_img_22_2.jpg,./representation_syn/training_label/label_22_2.png
./representation_syn/training_img/train_img_22_20.jpg,./representation_syn/training_label/label_22_20.png
./representation_syn/training_img/train_img_22_22.jpg,./representation_syn/training_label/label_22_22.png
./representation_syn/training_img/train_img_22_24.jpg,./representation_syn/training_label/label_22_24.png
./representation_syn/training_img/train_img_22_26.jpg,./representation_syn/training_label/label_22_26.png
./representation_syn/training_img/train_img_22_28.jpg,./representation_syn/training_label/label_22_28.png
./representation_syn/training_img/train_img_22_30.jpg,./representation_syn/training_label/label_22_30.png
./representation_syn/training_img/train_img_22_32.jpg,./representation_syn/training_label/label_22_32.png
./representation_syn/training_img/train_img_22_34.jpg,./representation_syn/training_label/label_22_34.png
./representation_syn/training_img/train_img_22_36.jpg,./representation_syn/training_label/label_22_36.png
./representation_syn/training_img/train_img_22_38.jpg,./representation_syn/training_label/label_22_38.png
./representation_syn/training_img/train_img_22_4.jpg,./representation_syn/training_label/label_22_4.png
./representation_syn/training_img/train_img_22_40.jpg,./representation_syn/training_label/label_22_40.png
./representation_syn/training_img/train_img_22_42.jpg,./representation_syn/training_label/label_22_42.png
./representation_syn/training_img/train_img_22_44.jpg,./representation_syn/training_label/label_22_44.png
./representation_syn/training_img/train_img_22_46.jpg,./representation_syn/training_label/label_22_46.png
./representation_syn/training_img/train_img_22_48.jpg,./representation_syn/training_label/label_22_48.png
./representation_syn/training_img/train_img_22_50.jpg,./representation_syn/training_label/label_22_50.png
./representation_syn/training_img/train_img_22_52.jpg,./representation_syn/training_label/label_22_52.png
./representation_syn/training_img/train_img_22_54.jpg,./representation_syn/training_label/label_22_54.png
./representation_syn/training_img/train_img_22_56.jpg,./representation_syn/training_label/label_22_56.png
./representation_syn/training_img/train_img_22_58.jpg,./representation_syn/training_label/label_22_58.png
./representation_syn/training_img/train_img_22_6.jpg,./representation_syn/training_label/label_22_6.png
./representation_syn/training_img/train_img_22_60.jpg,./representation_syn/training_label/label_22_60.png
./representation_syn/training_img/train_img_22_62.jpg,./representation_syn/training_label/label_22_62.png
./representation_syn/training_img/train_img_22_64.jpg,./representation_syn/training_label/label_22_64.png
./representation_syn/training_img/train_img_22_66.jpg,./representation_syn/training_label/label_22_66.png
./representation_syn/training_img/train_img_22_68.jpg,./representation_syn/training_label/label_22_68.png
./representation_syn/training_img/train_img_22_70.jpg,./representation_syn/training_label/label_22_70.png
./representation_syn/training_img/train_img_22_72.jpg,./representation_syn/training_label/label_22_72.png
./representation_syn/training_img/train_img_22_74.jpg,./representation_syn/training_label/label_22_74.png
./representation_syn/training_img/train_img_22_76.jpg,./representation_syn/training_label/label_22_76.png
./representation_syn/training_img/train_img_22_78.jpg,./representation_syn/training_label/label_22_78.png
./representation_syn/training_img/train_img_22_8.jpg,./representation_syn/training_label/label_22_8.png
./representation_syn/training_img/train_img_24_0.jpg,./representation_syn/training_label/label_24_0.png
./representation_syn/training_img/train_img_24_10.jpg,./representation_syn/training_label/label_24_10.png
./representation_syn/training_img/train_img_24_12.jpg,./representation_syn/training_label/label_24_12.png
./representation_syn/training_img/train_img_24_14.jpg,./representation_syn/training_label/label_24_14.png
./representation_syn/training_img/train_img_24_16.jpg,./representation_syn/training_label/label_24_16.png
./representation_syn/training_img/train_img_24_18.jpg,./representation_syn/training_label/label_24_18.png
./representation_syn/training_img/train_img_24_2.jpg,./representation_syn/training_label/label_24_2.png
./representation_syn/training_img/train_img_24_20.jpg,./representation_syn/training_label/label_24_20.png
./representation_syn/training_img/train_img_24_22.jpg,./representation_syn/training_label/label_24_22.png
./representation_syn/training_img/train_img_24_24.jpg,./representation_syn/training_label/label_24_24.png
./representation_syn/training_img/train_img_24_26.jpg,./representation_syn/training_label/label_24_26.png
./representation_syn/training_img/train_img_24_28.jpg,./representation_syn/training_label/label_24_28.png
./representation_syn/training_img/train_img_24_30.jpg,./representation_syn/training_label/label_24_30.png
./representation_syn/training_img/train_img_24_32.jpg,./representation_syn/training_label/label_24_32.png
./representation_syn/training_img/train_img_24_34.jpg,./representation_syn/training_label/label_24_34.png
./representation_syn/training_img/train_img_24_36.jpg,./representation_syn/training_label/label_24_36.png
./representation_syn/training_img/train_img_24_38.jpg,./representation_syn/training_label/label_24_38.png
./representation_syn/training_img/train_img_24_4.jpg,./representation_syn/training_label/label_24_4.png
./representation_syn/training_img/train_img_24_40.jpg,./representation_syn/training_label/label_24_40.png
./representation_syn/training_img/train_img_24_42.jpg,./representation_syn/training_label/label_24_42.png
./representation_syn/training_img/train_img_24_44.jpg,./representation_syn/training_label/label_24_44.png
./representation_syn/training_img/train_img_24_46.jpg,./representation_syn/training_label/label_24_46.png
./representation_syn/training_img/train_img_24_48.jpg,./representation_syn/training_label/label_24_48.png
./representation_syn/training_img/train_img_24_50.jpg,./representation_syn/training_label/label_24_50.png
./representation_syn/training_img/train_img_24_52.jpg,./representation_syn/training_label/label_24_52.png
./representation_syn/training_img/train_img_24_54.jpg,./representation_syn/training_label/label_24_54.png
./representation_syn/training_img/train_img_24_56.jpg,./representation_syn/training_label/label_24_56.png
./representation_syn/training_img/train_img_24_58.jpg,./representation_syn/training_label/label_24_58.png
./representation_syn/training_img/train_img_24_6.jpg,./representation_syn/training_label/label_24_6.png
./representation_syn/training_img/train_img_24_60.jpg,./representation_syn/training_label/label_24_60.png
./representation_syn/training_img/train_img_24_62.jpg,./representation_syn/training_label/label_24_62.png
./representation_syn/training_img/train_img_24_64.jpg,./representation_syn/training_label/label_24_64.png
./representation_syn/training_img/train_img_24_66.jpg,./representation_syn/training_label/label_24_66.png
./representation_syn/training_img/train_img_24_68.jpg,./representation_syn/training_label/label_24_68.png
./representation_syn/training_img/train_img_24_70.jpg,./representation_syn/training_label/label_24_70.png
./representation_syn/training_img/train_img_24_72.jpg,./representation_syn/training_label/label_24_72.png
./representation_syn/training_img/train_img_24_74.jpg,./representation_syn/training_label/label_24_74.png
./representation_syn/training_img/train_img_24_76.jpg,./representation_syn/training_label/label_24_76.png
./representation_syn/training_img/train_img_24_78.jpg,./representation_syn/training_label/label_24_78.png
./representation_syn/training_img/train_img_24_8.jpg,./representation_syn/training_label/label_24_8.png
./representation_syn/training_img/train_img_26_0.jpg,./representation_syn/training_label/label_26_0.png
./representation_syn/training_img/train_img_26_10.jpg,./representation_syn/training_label/label_26_10.png
./representation_syn/training_img/train_img_26_12.jpg,./representation_syn/training_label/label_26_12.png
./representation_syn/training_img/train_img_26_14.jpg,./representation_syn/training_label/label_26_14.png
./representation_syn/training_img/train_img_26_16.jpg,./representation_syn/training_label/label_26_16.png
./representation_syn/training_img/train_img_26_18.jpg,./representation_syn/training_label/label_26_18.png
./representation_syn/training_img/train_img_26_2.jpg,./representation_syn/training_label/label_26_2.png
./representation_syn/training_img/train_img_26_20.jpg,./representation_syn/training_label/label_26_20.png
./representation_syn/training_img/train_img_26_22.jpg,./representation_syn/training_label/label_26_22.png
./representation_syn/training_img/train_img_26_24.jpg,./representation_syn/training_label/label_26_24.png
./representation_syn/training_img/train_img_26_26.jpg,./representation_syn/training_label/label_26_26.png
./representation_syn/training_img/train_img_26_28.jpg,./representation_syn/training_label/label_26_28.png
./representation_syn/training_img/train_img_26_30.jpg,./representation_syn/training_label/label_26_30.png
./representation_syn/training_img/train_img_26_32.jpg,./representation_syn/training_label/label_26_32.png
./representation_syn/training_img/train_img_26_34.jpg,./representation_syn/training_label/label_26_34.png
./representation_syn/training_img/train_img_26_36.jpg,./representation_syn/training_label/label_26_36.png
./representation_syn/training_img/train_img_26_38.jpg,./representation_syn/training_label/label_26_38.png
./representation_syn/training_img/train_img_26_4.jpg,./representation_syn/training_label/label_26_4.png
./representation_syn/training_img/train_img_26_40.jpg,./representation_syn/training_label/label_26_40.png
./representation_syn/training_img/train_img_26_42.jpg,./representation_syn/training_label/label_26_42.png
./representation_syn/training_img/train_img_26_44.jpg,./representation_syn/training_label/label_26_44.png
./representation_syn/training_img/train_img_26_46.jpg,./representation_syn/training_label/label_26_46.png
./representation_syn/training_img/train_img_26_48.jpg,./representation_syn/training_label/label_26_48.png
./representation_syn/training_img/train_img_26_50.jpg,./representation_syn/training_label/label_26_50.png
./representation_syn/training_img/train_img_26_52.jpg,./representation_syn/training_label/label_26_52.png
./representation_syn/training_img/train_img_26_54.jpg,./representation_syn/training_label/label_26_54.png
./representation_syn/training_img/train_img_26_56.jpg,./representation_syn/training_label/label_26_56.png
./representation_syn/training_img/train_img_26_58.jpg,./representation_syn/training_label/label_26_58.png
./representation_syn/training_img/train_img_26_6.jpg,./representation_syn/training_label/label_26_6.png
./representation_syn/training_img/train_img_26_60.jpg,./representation_syn/training_label/label_26_60.png
./representation_syn/training_img/train_img_26_62.jpg,./representation_syn/training_label/label_26_62.png
./representation_syn/training_img/train_img_26_64.jpg,./representation_syn/training_label/label_26_64.png
./representation_syn/training_img/train_img_26_66.jpg,./representation_syn/training_label/label_26_66.png
./representation_syn/training_img/train_img_26_68.jpg,./representation_syn/training_label/label_26_68.png
./representation_syn/training_img/train_img_26_70.jpg,./representation_syn/training_label/label_26_70.png
./representation_syn/training_img/train_img_26_72.jpg,./representation_syn/training_label/label_26_72.png
./representation_syn/training_img/train_img_26_74.jpg,./representation_syn/training_label/label_26_74.png
./representation_syn/training_img/train_img_26_76.jpg,./representation_syn/training_label/label_26_76.png
./representation_syn/training_img/train_img_26_78.jpg,./representation_syn/training_label/label_26_78.png
./representation_syn/training_img/train_img_26_8.jpg,./representation_syn/training_label/label_26_8.png
./representation_syn/training_img/train_img_28_0.jpg,./representation_syn/training_label/label_28_0.png
./representation_syn/training_img/train_img_28_10.jpg,./representation_syn/training_label/label_28_10.png
./representation_syn/training_img/train_img_28_12.jpg,./representation_syn/training_label/label_28_12.png
./representation_syn/training_img/train_img_28_14.jpg,./representation_syn/training_label/label_28_14.png
./representation_syn/training_img/train_img_28_16.jpg,./representation_syn/training_label/label_28_16.png
./representation_syn/training_img/train_img_28_18.jpg,./representation_syn/training_label/label_28_18.png
./representation_syn/training_img/train_img_28_2.jpg,./representation_syn/training_label/label_28_2.png
./representation_syn/training_img/train_img_28_20.jpg,./representation_syn/training_label/label_28_20.png
./representation_syn/training_img/train_img_28_22.jpg,./representation_syn/training_label/label_28_22.png
./representation_syn/training_img/train_img_28_24.jpg,./representation_syn/training_label/label_28_24.png
./representation_syn/training_img/train_img_28_26.jpg,./representation_syn/training_label/label_28_26.png
./representation_syn/training_img/train_img_28_28.jpg,./representation_syn/training_label/label_28_28.png
./representation_syn/training_img/train_img_28_30.jpg,./representation_syn/training_label/label_28_30.png
./representation_syn/training_img/train_img_28_32.jpg,./representation_syn/training_label/label_28_32.png
./representation_syn/training_img/train_img_28_34.jpg,./representation_syn/training_label/label_28_34.png
./representation_syn/training_img/train_img_28_36.jpg,./representation_syn/training_label/label_28_36.png
./representation_syn/training_img/train_img_28_38.jpg,./representation_syn/training_label/label_28_38.png
./representation_syn/training_img/train_img_28_4.jpg,./representation_syn/training_label/label_28_4.png
./representation_syn/training_img/train_img_28_40.jpg,./representation_syn/training_label/label_28_40.png
./representation_syn/training_img/train_img_28_42.jpg,./representation_syn/training_label/label_28_42.png
./representation_syn/training_img/train_img_28_44.jpg,./representation_syn/training_label/label_28_44.png
./representation_syn/training_img/train_img_28_46.jpg,./representation_syn/training_label/label_28_46.png
./representation_syn/training_img/train_img_28_48.jpg,./representation_syn/training_label/label_28_48.png
./representation_syn/training_img/train_img_28_50.jpg,./representation_syn/training_label/label_28_50.png
./representation_syn/training_img/train_img_28_52.jpg,./representation_syn/training_label/label_28_52.png
./representation_syn/training_img/train_img_28_54.jpg,./representation_syn/training_label/label_28_54.png
./representation_syn/training_img/train_img_28_56.jpg,./representation_syn/training_label/label_28_56.png
./representation_syn/training_img/train_img_28_58.jpg,./representation_syn/training_label/label_28_58.png
./representation_syn/training_img/train_img_28_6.jpg,./representation_syn/training_label/label_28_6.png
./representation_syn/training_img/train_img_28_60.jpg,./representation_syn/training_label/label_28_60.png
./representation_syn/training_img/train_img_28_62.jpg,./representation_syn/training_label/label_28_62.png
./representation_syn/training_img/train_img_28_64.jpg,./representation_syn/training_label/label_28_64.png
./representation_syn/training_img/train_img_28_66.jpg,./representation_syn/training_label/label_28_66.png
./representation_syn/training_img/train_img_28_68.jpg,./representation_syn/training_label/label_28_68.png
./representation_syn/training_img/train_img_28_70.jpg,./representation_syn/training_label/label_28_70.png
./representation_syn/training_img/train_img_28_72.jpg,./representation_syn/training_label/label_28_72.png
./representation_syn/training_img/train_img_28_74.jpg,./representation_syn/training_label/label_28_74.png
./representation_syn/training_img/train_img_28_76.jpg,./representation_syn/training_label/label_28_76.png
./representation_syn/training_img/train_img_28_78.jpg,./representation_syn/training_label/label_28_78.png
./representation_syn/training_img/train_img_28_8.jpg,./representation_syn/training_label/label_28_8.png
./representation_syn/training_img/train_img_2_0.jpg,./representation_syn/training_label/label_2_0.png
./representation_syn/training_img/train_img_2_10.jpg,./representation_syn/training_label/label_2_10.png
./representation_syn/training_img/train_img_2_12.jpg,./representation_syn/training_label/label_2_12.png
./representation_syn/training_img/train_img_2_14.jpg,./representation_syn/training_label/label_2_14.png
./representation_syn/training_img/train_img_2_16.jpg,./representation_syn/training_label/label_2_16.png
./representation_syn/training_img/train_img_2_18.jpg,./representation_syn/training_label/label_2_18.png
./representation_syn/training_img/train_img_2_2.jpg,./representation_syn/training_label/label_2_2.png
./representation_syn/training_img/train_img_2_20.jpg,./representation_syn/training_label/label_2_20.png
./representation_syn/training_img/train_img_2_22.jpg,./representation_syn/training_label/label_2_22.png
./representation_syn/training_img/train_img_2_24.jpg,./representation_syn/training_label/label_2_24.png
./representation_syn/training_img/train_img_2_26.jpg,./representation_syn/training_label/label_2_26.png
./representation_syn/training_img/train_img_2_28.jpg,./representation_syn/training_label/label_2_28.png
./representation_syn/training_img/train_img_2_30.jpg,./representation_syn/training_label/label_2_30.png
./representation_syn/training_img/train_img_2_32.jpg,./representation_syn/training_label/label_2_32.png
./representation_syn/training_img/train_img_2_34.jpg,./representation_syn/training_label/label_2_34.png
./representation_syn/training_img/train_img_2_36.jpg,./representation_syn/training_label/label_2_36.png
./representation_syn/training_img/train_img_2_38.jpg,./representation_syn/training_label/label_2_38.png
./representation_syn/training_img/train_img_2_4.jpg,./representation_syn/training_label/label_2_4.png
./representation_syn/training_img/train_img_2_40.jpg,./representation_syn/training_label/label_2_40.png
./representation_syn/training_img/train_img_2_42.jpg,./representation_syn/training_label/label_2_42.png
./representation_syn/training_img/train_img_2_44.jpg,./representation_syn/training_label/label_2_44.png
./representation_syn/training_img/train_img_2_46.jpg,./representation_syn/training_label/label_2_46.png
./representation_syn/training_img/train_img_2_48.jpg,./representation_syn/training_label/label_2_48.png
./representation_syn/training_img/train_img_2_50.jpg,./representation_syn/training_label/label_2_50.png
./representation_syn/training_img/train_img_2_52.jpg,./representation_syn/training_label/label_2_52.png
./representation_syn/training_img/train_img_2_54.jpg,./representation_syn/training_label/label_2_54.png
./representation_syn/training_img/train_img_2_56.jpg,./representation_syn/training_label/label_2_56.png
./representation_syn/training_img/train_img_2_58.jpg,./representation_syn/training_label/label_2_58.png
./representation_syn/training_img/train_img_2_6.jpg,./representation_syn/training_label/label_2_6.png
./representation_syn/training_img/train_img_2_60.jpg,./representation_syn/training_label/label_2_60.png
./representation_syn/training_img/train_img_2_62.jpg,./representation_syn/training_label/label_2_62.png
./representation_syn/training_img/train_img_2_64.jpg,./representation_syn/training_label/label_2_64.png
./representation_syn/training_img/train_img_2_66.jpg,./representation_syn/training_label/label_2_66.png
./representation_syn/training_img/train_img_2_68.jpg,./representation_syn/training_label/label_2_68.png
./representation_syn/training_img/train_img_2_70.jpg,./representation_syn/training_label/label_2_70.png
./representation_syn/training_img/train_img_2_72.jpg,./representation_syn/training_label/label_2_72.png
./representation_syn/training_img/train_img_2_74.jpg,./representation_syn/training_label/label_2_74.png
./representation_syn/training_img/train_img_2_76.jpg,./representation_syn/training_label/label_2_76.png
./representation_syn/training_img/train_img_2_78.jpg,./representation_syn/training_label/label_2_78.png
./representation_syn/training_img/train_img_2_8.jpg,./representation_syn/training_label/label_2_8.png
./representation_syn/training_img/train_img_30_0.jpg,./representation_syn/training_label/label_30_0.png
./representation_syn/training_img/train_img_30_10.jpg,./representation_syn/training_label/label_30_10.png
./representation_syn/training_img/train_img_30_12.jpg,./representation_syn/training_label/label_30_12.png
./representation_syn/training_img/train_img_30_14.jpg,./representation_syn/training_label/label_30_14.png
./representation_syn/training_img/train_img_30_16.jpg,./representation_syn/training_label/label_30_16.png
./representation_syn/training_img/train_img_30_18.jpg,./representation_syn/training_label/label_30_18.png
./representation_syn/training_img/train_img_30_2.jpg,./representation_syn/training_label/label_30_2.png
./representation_syn/training_img/train_img_30_20.jpg,./representation_syn/training_label/label_30_20.png
./representation_syn/training_img/train_img_30_22.jpg,./representation_syn/training_label/label_30_22.png
./representation_syn/training_img/train_img_30_24.jpg,./representation_syn/training_label/label_30_24.png
./representation_syn/training_img/train_img_30_26.jpg,./representation_syn/training_label/label_30_26.png
./representation_syn/training_img/train_img_30_28.jpg,./representation_syn/training_label/label_30_28.png
./representation_syn/training_img/train_img_30_30.jpg,./representation_syn/training_label/label_30_30.png
./representation_syn/training_img/train_img_30_32.jpg,./representation_syn/training_label/label_30_32.png
./representation_syn/training_img/train_img_30_34.jpg,./representation_syn/training_label/label_30_34.png
./representation_syn/training_img/train_img_30_36.jpg,./representation_syn/training_label/label_30_36.png
./representation_syn/training_img/train_img_30_38.jpg,./representation_syn/training_label/label_30_38.png
./representation_syn/training_img/train_img_30_4.jpg,./representation_syn/training_label/label_30_4.png
./representation_syn/training_img/train_img_30_40.jpg,./representation_syn/training_label/label_30_40.png
./representation_syn/training_img/train_img_30_42.jpg,./representation_syn/training_label/label_30_42.png
./representation_syn/training_img/train_img_30_44.jpg,./representation_syn/training_label/label_30_44.png
./representation_syn/training_img/train_img_30_46.jpg,./representation_syn/training_label/label_30_46.png
./representation_syn/training_img/train_img_30_48.jpg,./representation_syn/training_label/label_30_48.png
./representation_syn/training_img/train_img_30_50.jpg,./representation_syn/training_label/label_30_50.png
./representation_syn/training_img/train_img_30_52.jpg,./representation_syn/training_label/label_30_52.png
./representation_syn/training_img/train_img_30_54.jpg,./representation_syn/training_label/label_30_54.png
./representation_syn/training_img/train_img_30_56.jpg,./representation_syn/training_label/label_30_56.png
./representation_syn/training_img/train_img_30_58.jpg,./representation_syn/training_label/label_30_58.png
./representation_syn/training_img/train_img_30_6.jpg,./representation_syn/training_label/label_30_6.png
./representation_syn/training_img/train_img_30_60.jpg,./representation_syn/training_label/label_30_60.png
./representation_syn/training_img/train_img_30_62.jpg,./representation_syn/training_label/label_30_62.png
./representation_syn/training_img/train_img_30_64.jpg,./representation_syn/training_label/label_30_64.png
./representation_syn/training_img/train_img_30_66.jpg,./representation_syn/training_label/label_30_66.png
./representation_syn/training_img/train_img_30_68.jpg,./representation_syn/training_label/label_30_68.png
./representation_syn/training_img/train_img_30_70.jpg,./representation_syn/training_label/label_30_70.png
./representation_syn/training_img/train_img_30_72.jpg,./representation_syn/training_label/label_30_72.png
./representation_syn/training_img/train_img_30_74.jpg,./representation_syn/training_label/label_30_74.png
./representation_syn/training_img/train_img_30_76.jpg,./representation_syn/training_label/label_30_76.png
./representation_syn/training_img/train_img_30_78.jpg,./representation_syn/training_label/label_30_78.png
./representation_syn/training_img/train_img_30_8.jpg,./representation_syn/training_label/label_30_8.png
./representation_syn/training_img/train_img_32_0.jpg,./representation_syn/training_label/label_32_0.png
./representation_syn/training_img/train_img_32_10.jpg,./representation_syn/training_label/label_32_10.png
./representation_syn/training_img/train_img_32_12.jpg,./representation_syn/training_label/label_32_12.png
./representation_syn/training_img/train_img_32_14.jpg,./representation_syn/training_label/label_32_14.png
./representation_syn/training_img/train_img_32_16.jpg,./representation_syn/training_label/label_32_16.png
./representation_syn/training_img/train_img_32_18.jpg,./representation_syn/training_label/label_32_18.png
./representation_syn/training_img/train_img_32_2.jpg,./representation_syn/training_label/label_32_2.png
./representation_syn/training_img/train_img_32_20.jpg,./representation_syn/training_label/label_32_20.png
./representation_syn/training_img/train_img_32_22.jpg,./representation_syn/training_label/label_32_22.png
./representation_syn/training_img/train_img_32_24.jpg,./representation_syn/training_label/label_32_24.png
./representation_syn/training_img/train_img_32_26.jpg,./representation_syn/training_label/label_32_26.png
./representation_syn/training_img/train_img_32_28.jpg,./representation_syn/training_label/label_32_28.png
./representation_syn/training_img/train_img_32_30.jpg,./representation_syn/training_label/label_32_30.png
./representation_syn/training_img/train_img_32_32.jpg,./representation_syn/training_label/label_32_32.png
./representation_syn/training_img/train_img_32_34.jpg,./representation_syn/training_label/label_32_34.png
./representation_syn/training_img/train_img_32_36.jpg,./representation_syn/training_label/label_32_36.png
./representation_syn/training_img/train_img_32_38.jpg,./representation_syn/training_label/label_32_38.png
./representation_syn/training_img/train_img_32_4.jpg,./representation_syn/training_label/label_32_4.png
./representation_syn/training_img/train_img_32_40.jpg,./representation_syn/training_label/label_32_40.png
./representation_syn/training_img/train_img_32_42.jpg,./representation_syn/training_label/label_32_42.png
./representation_syn/training_img/train_img_32_44.jpg,./representation_syn/training_label/label_32_44.png
./representation_syn/training_img/train_img_32_46.jpg,./representation_syn/training_label/label_32_46.png
./representation_syn/training_img/train_img_32_48.jpg,./representation_syn/training_label/label_32_48.png
./representation_syn/training_img/train_img_32_50.jpg,./representation_syn/training_label/label_32_50.png
./representation_syn/training_img/train_img_32_52.jpg,./representation_syn/training_label/label_32_52.png
./representation_syn/training_img/train_img_32_54.jpg,./representation_syn/training_label/label_32_54.png
./representation_syn/training_img/train_img_32_56.jpg,./representation_syn/training_label/label_32_56.png
./representation_syn/training_img/train_img_32_58.jpg,./representation_syn/training_label/label_32_58.png
./representation_syn/training_img/train_img_32_6.jpg,./representation_syn/training_label/label_32_6.png
./representation_syn/training_img/train_img_32_60.jpg,./representation_syn/training_label/label_32_60.png
./representation_syn/training_img/train_img_32_62.jpg,./representation_syn/training_label/label_32_62.png
./representation_syn/training_img/train_img_32_64.jpg,./representation_syn/training_label/label_32_64.png
./representation_syn/training_img/train_img_32_66.jpg,./representation_syn/training_label/label_32_66.png
./representation_syn/training_img/train_img_32_68.jpg,./representation_syn/training_label/label_32_68.png
./representation_syn/training_img/train_img_32_70.jpg,./representation_syn/training_label/label_32_70.png
./representation_syn/training_img/train_img_32_72.jpg,./representation_syn/training_label/label_32_72.png
./representation_syn/training_img/train_img_32_74.jpg,./representation_syn/training_label/label_32_74.png
./representation_syn/training_img/train_img_32_76.jpg,./representation_syn/training_label/label_32_76.png
./representation_syn/training_img/train_img_32_78.jpg,./representation_syn/training_label/label_32_78.png
./representation_syn/training_img/train_img_32_8.jpg,./representation_syn/training_label/label_32_8.png
./representation_syn/training_img/train_img_34_0.jpg,./representation_syn/training_label/label_34_0.png
./representation_syn/training_img/train_img_34_10.jpg,./representation_syn/training_label/label_34_10.png
./representation_syn/training_img/train_img_34_12.jpg,./representation_syn/training_label/label_34_12.png
./representation_syn/training_img/train_img_34_14.jpg,./representation_syn/training_label/label_34_14.png
./representation_syn/training_img/train_img_34_16.jpg,./representation_syn/training_label/label_34_16.png
./representation_syn/training_img/train_img_34_18.jpg,./representation_syn/training_label/label_34_18.png
./representation_syn/training_img/train_img_34_2.jpg,./representation_syn/training_label/label_34_2.png
./representation_syn/training_img/train_img_34_20.jpg,./representation_syn/training_label/label_34_20.png
./representation_syn/training_img/train_img_34_22.jpg,./representation_syn/training_label/label_34_22.png
./representation_syn/training_img/train_img_34_24.jpg,./representation_syn/training_label/label_34_24.png
./representation_syn/training_img/train_img_34_26.jpg,./representation_syn/training_label/label_34_26.png
./representation_syn/training_img/train_img_34_28.jpg,./representation_syn/training_label/label_34_28.png
./representation_syn/training_img/train_img_34_30.jpg,./representation_syn/training_label/label_34_30.png
./representation_syn/training_img/train_img_34_32.jpg,./representation_syn/training_label/label_34_32.png
./representation_syn/training_img/train_img_34_34.jpg,./representation_syn/training_label/label_34_34.png
./representation_syn/training_img/train_img_34_36.jpg,./representation_syn/training_label/label_34_36.png
./representation_syn/training_img/train_img_34_38.jpg,./representation_syn/training_label/label_34_38.png
./representation_syn/training_img/train_img_34_4.jpg,./representation_syn/training_label/label_34_4.png
./representation_syn/training_img/train_img_34_40.jpg,./representation_syn/training_label/label_34_40.png
./representation_syn/training_img/train_img_34_42.jpg,./representation_syn/training_label/label_34_42.png
./representation_syn/training_img/train_img_34_44.jpg,./representation_syn/training_label/label_34_44.png
./representation_syn/training_img/train_img_34_46.jpg,./representation_syn/training_label/label_34_46.png
./representation_syn/training_img/train_img_34_48.jpg,./representation_syn/training_label/label_34_48.png
./representation_syn/training_img/train_img_34_50.jpg,./representation_syn/training_label/label_34_50.png
./representation_syn/training_img/train_img_34_52.jpg,./representation_syn/training_label/label_34_52.png
./representation_syn/training_img/train_img_34_54.jpg,./representation_syn/training_label/label_34_54.png
./representation_syn/training_img/train_img_34_56.jpg,./representation_syn/training_label/label_34_56.png
./representation_syn/training_img/train_img_34_58.jpg,./representation_syn/training_label/label_34_58.png
./representation_syn/training_img/train_img_34_6.jpg,./representation_syn/training_label/label_34_6.png
./representation_syn/training_img/train_img_34_60.jpg,./representation_syn/training_label/label_34_60.png
./representation_syn/training_img/train_img_34_62.jpg,./representation_syn/training_label/label_34_62.png
./representation_syn/training_img/train_img_34_64.jpg,./representation_syn/training_label/label_34_64.png
./representation_syn/training_img/train_img_34_66.jpg,./representation_syn/training_label/label_34_66.png
./representation_syn/training_img/train_img_34_68.jpg,./representation_syn/training_label/label_34_68.png
./representation_syn/training_img/train_img_34_70.jpg,./representation_syn/training_label/label_34_70.png
./representation_syn/training_img/train_img_34_72.jpg,./representation_syn/training_label/label_34_72.png
./representation_syn/training_img/train_img_34_74.jpg,./representation_syn/training_label/label_34_74.png
./representation_syn/training_img/train_img_34_76.jpg,./representation_syn/training_label/label_34_76.png
./representation_syn/training_img/train_img_34_78.jpg,./representation_syn/training_label/label_34_78.png
./representation_syn/training_img/train_img_34_8.jpg,./representation_syn/training_label/label_34_8.png
./representation_syn/training_img/train_img_36_0.jpg,./representation_syn/training_label/label_36_0.png
./representation_syn/training_img/train_img_36_10.jpg,./representation_syn/training_label/label_36_10.png
./representation_syn/training_img/train_img_36_12.jpg,./representation_syn/training_label/label_36_12.png
./representation_syn/training_img/train_img_36_14.jpg,./representation_syn/training_label/label_36_14.png
./representation_syn/training_img/train_img_36_16.jpg,./representation_syn/training_label/label_36_16.png
./representation_syn/training_img/train_img_36_18.jpg,./representation_syn/training_label/label_36_18.png
./representation_syn/training_img/train_img_36_2.jpg,./representation_syn/training_label/label_36_2.png
./representation_syn/training_img/train_img_36_20.jpg,./representation_syn/training_label/label_36_20.png
./representation_syn/training_img/train_img_36_22.jpg,./representation_syn/training_label/label_36_22.png
./representation_syn/training_img/train_img_36_24.jpg,./representation_syn/training_label/label_36_24.png
./representation_syn/training_img/train_img_36_26.jpg,./representation_syn/training_label/label_36_26.png
./representation_syn/training_img/train_img_36_28.jpg,./representation_syn/training_label/label_36_28.png
./representation_syn/training_img/train_img_36_30.jpg,./representation_syn/training_label/label_36_30.png
./representation_syn/training_img/train_img_36_32.jpg,./representation_syn/training_label/label_36_32.png
./representation_syn/training_img/train_img_36_34.jpg,./representation_syn/training_label/label_36_34.png
./representation_syn/training_img/train_img_36_36.jpg,./representation_syn/training_label/label_36_36.png
./representation_syn/training_img/train_img_36_38.jpg,./representation_syn/training_label/label_36_38.png
./representation_syn/training_img/train_img_36_4.jpg,./representation_syn/training_label/label_36_4.png
./representation_syn/training_img/train_img_36_40.jpg,./representation_syn/training_label/label_36_40.png
./representation_syn/training_img/train_img_36_42.jpg,./representation_syn/training_label/label_36_42.png
./representation_syn/training_img/train_img_36_44.jpg,./representation_syn/training_label/label_36_44.png
./representation_syn/training_img/train_img_36_46.jpg,./representation_syn/training_label/label_36_46.png
./representation_syn/training_img/train_img_36_48.jpg,./representation_syn/training_label/label_36_48.png
./representation_syn/training_img/train_img_36_50.jpg,./representation_syn/training_label/label_36_50.png
./representation_syn/training_img/train_img_36_52.jpg,./representation_syn/training_label/label_36_52.png
./representation_syn/training_img/train_img_36_54.jpg,./representation_syn/training_label/label_36_54.png
./representation_syn/training_img/train_img_36_56.jpg,./representation_syn/training_label/label_36_56.png
./representation_syn/training_img/train_img_36_58.jpg,./representation_syn/training_label/label_36_58.png
./representation_syn/training_img/train_img_36_6.jpg,./representation_syn/training_label/label_36_6.png
./representation_syn/training_img/train_img_36_60.jpg,./representation_syn/training_label/label_36_60.png
./representation_syn/training_img/train_img_36_62.jpg,./representation_syn/training_label/label_36_62.png
./representation_syn/training_img/train_img_36_64.jpg,./representation_syn/training_label/label_36_64.png
./representation_syn/training_img/train_img_36_66.jpg,./representation_syn/training_label/label_36_66.png
./representation_syn/training_img/train_img_36_68.jpg,./representation_syn/training_label/label_36_68.png
./representation_syn/training_img/train_img_36_70.jpg,./representation_syn/training_label/label_36_70.png
./representation_syn/training_img/train_img_36_72.jpg,./representation_syn/training_label/label_36_72.png
./representation_syn/training_img/train_img_36_74.jpg,./representation_syn/training_label/label_36_74.png
./representation_syn/training_img/train_img_36_76.jpg,./representation_syn/training_label/label_36_76.png
./representation_syn/training_img/train_img_36_78.jpg,./representation_syn/training_label/label_36_78.png
./representation_syn/training_img/train_img_36_8.jpg,./representation_syn/training_label/label_36_8.png
./representation_syn/training_img/train_img_38_0.jpg,./representation_syn/training_label/label_38_0.png
./representation_syn/training_img/train_img_38_10.jpg,./representation_syn/training_label/label_38_10.png
./representation_syn/training_img/train_img_38_12.jpg,./representation_syn/training_label/label_38_12.png
./representation_syn/training_img/train_img_38_14.jpg,./representation_syn/training_label/label_38_14.png
./representation_syn/training_img/train_img_38_16.jpg,./representation_syn/training_label/label_38_16.png
./representation_syn/training_img/train_img_38_18.jpg,./representation_syn/training_label/label_38_18.png
./representation_syn/training_img/train_img_38_2.jpg,./representation_syn/training_label/label_38_2.png
./representation_syn/training_img/train_img_38_20.jpg,./representation_syn/training_label/label_38_20.png
./representation_syn/training_img/train_img_38_22.jpg,./representation_syn/training_label/label_38_22.png
./representation_syn/training_img/train_img_38_24.jpg,./representation_syn/training_label/label_38_24.png
./representation_syn/training_img/train_img_38_26.jpg,./representation_syn/training_label/label_38_26.png
./representation_syn/training_img/train_img_38_28.jpg,./representation_syn/training_label/label_38_28.png
./representation_syn/training_img/train_img_38_30.jpg,./representation_syn/training_label/label_38_30.png
./representation_syn/training_img/train_img_38_32.jpg,./representation_syn/training_label/label_38_32.png
./representation_syn/training_img/train_img_38_34.jpg,./representation_syn/training_label/label_38_34.png
./representation_syn/training_img/train_img_38_36.jpg,./representation_syn/training_label/label_38_36.png
./representation_syn/training_img/train_img_38_38.jpg,./representation_syn/training_label/label_38_38.png
./representation_syn/training_img/train_img_38_4.jpg,./representation_syn/training_label/label_38_4.png
./representation_syn/training_img/train_img_38_40.jpg,./representation_syn/training_label/label_38_40.png
./representation_syn/training_img/train_img_38_42.jpg,./representation_syn/training_label/label_38_42.png
./representation_syn/training_img/train_img_38_44.jpg,./representation_syn/training_label/label_38_44.png
./representation_syn/training_img/train_img_38_46.jpg,./representation_syn/training_label/label_38_46.png
./representation_syn/training_img/train_img_38_48.jpg,./representation_syn/training_label/label_38_48.png
./representation_syn/training_img/train_img_38_50.jpg,./representation_syn/training_label/label_38_50.png
./representation_syn/training_img/train_img_38_52.jpg,./representation_syn/training_label/label_38_52.png
./representation_syn/training_img/train_img_38_54.jpg,./representation_syn/training_label/label_38_54.png
./representation_syn/training_img/train_img_38_56.jpg,./representation_syn/training_label/label_38_56.png
./representation_syn/training_img/train_img_38_58.jpg,./representation_syn/training_label/label_38_58.png
./representation_syn/training_img/train_img_38_6.jpg,./representation_syn/training_label/label_38_6.png
./representation_syn/training_img/train_img_38_60.jpg,./representation_syn/training_label/label_38_60.png
./representation_syn/training_img/train_img_38_62.jpg,./representation_syn/training_label/label_38_62.png
./representation_syn/training_img/train_img_38_64.jpg,./representation_syn/training_label/label_38_64.png
./representation_syn/training_img/train_img_38_66.jpg,./representation_syn/training_label/label_38_66.png
./representation_syn/training_img/train_img_38_68.jpg,./representation_syn/training_label/label_38_68.png
./representation_syn/training_img/train_img_38_70.jpg,./representation_syn/training_label/label_38_70.png
./representation_syn/training_img/train_img_38_72.jpg,./representation_syn/training_label/label_38_72.png
./representation_syn/training_img/train_img_38_74.jpg,./representation_syn/training_label/label_38_74.png
./representation_syn/training_img/train_img_38_76.jpg,./representation_syn/training_label/label_38_76.png
./representation_syn/training_img/train_img_38_78.jpg,./representation_syn/training_label/label_38_78.png
./representation_syn/training_img/train_img_38_8.jpg,./representation_syn/training_label/label_38_8.png
./representation_syn/training_img/train_img_40_0.jpg,./representation_syn/training_label/label_40_0.png
./representation_syn/training_img/train_img_40_10.jpg,./representation_syn/training_label/label_40_10.png
./representation_syn/training_img/train_img_40_12.jpg,./representation_syn/training_label/label_40_12.png
./representation_syn/training_img/train_img_40_14.jpg,./representation_syn/training_label/label_40_14.png
./representation_syn/training_img/train_img_40_16.jpg,./representation_syn/training_label/label_40_16.png
./representation_syn/training_img/train_img_40_18.jpg,./representation_syn/training_label/label_40_18.png
./representation_syn/training_img/train_img_40_2.jpg,./representation_syn/training_label/label_40_2.png
./representation_syn/training_img/train_img_40_20.jpg,./representation_syn/training_label/label_40_20.png
./representation_syn/training_img/train_img_40_22.jpg,./representation_syn/training_label/label_40_22.png
./representation_syn/training_img/train_img_40_24.jpg,./representation_syn/training_label/label_40_24.png
./representation_syn/training_img/train_img_40_26.jpg,./representation_syn/training_label/label_40_26.png
./representation_syn/training_img/train_img_40_28.jpg,./representation_syn/training_label/label_40_28.png
./representation_syn/training_img/train_img_40_30.jpg,./representation_syn/training_label/label_40_30.png
./representation_syn/training_img/train_img_40_32.jpg,./representation_syn/training_label/label_40_32.png
./representation_syn/training_img/train_img_40_34.jpg,./representation_syn/training_label/label_40_34.png
./representation_syn/training_img/train_img_40_36.jpg,./representation_syn/training_label/label_40_36.png
./representation_syn/training_img/train_img_40_38.jpg,./representation_syn/training_label/label_40_38.png
./representation_syn/training_img/train_img_40_4.jpg,./representation_syn/training_label/label_40_4.png
./representation_syn/training_img/train_img_40_40.jpg,./representation_syn/training_label/label_40_40.png
./representation_syn/training_img/train_img_40_42.jpg,./representation_syn/training_label/label_40_42.png
./representation_syn/training_img/train_img_40_44.jpg,./representation_syn/training_label/label_40_44.png
./representation_syn/training_img/train_img_40_46.jpg,./representation_syn/training_label/label_40_46.png
./representation_syn/training_img/train_img_40_48.jpg,./representation_syn/training_label/label_40_48.png
./representation_syn/training_img/train_img_40_50.jpg,./representation_syn/training_label/label_40_50.png
./representation_syn/training_img/train_img_40_52.jpg,./representation_syn/training_label/label_40_52.png
./representation_syn/training_img/train_img_40_54.jpg,./representation_syn/training_label/label_40_54.png
./representation_syn/training_img/train_img_40_56.jpg,./representation_syn/training_label/label_40_56.png
./representation_syn/training_img/train_img_40_58.jpg,./representation_syn/training_label/label_40_58.png
./representation_syn/training_img/train_img_40_6.jpg,./representation_syn/training_label/label_40_6.png
./representation_syn/training_img/train_img_40_60.jpg,./representation_syn/training_label/label_40_60.png
./representation_syn/training_img/train_img_40_62.jpg,./representation_syn/training_label/label_40_62.png
./representation_syn/training_img/train_img_40_64.jpg,./representation_syn/training_label/label_40_64.png
./representation_syn/training_img/train_img_40_66.jpg,./representation_syn/training_label/label_40_66.png
./representation_syn/training_img/train_img_40_68.jpg,./representation_syn/training_label/label_40_68.png
./representation_syn/training_img/train_img_40_70.jpg,./representation_syn/training_label/label_40_70.png
./representation_syn/training_img/train_img_40_72.jpg,./representation_syn/training_label/label_40_72.png
./representation_syn/training_img/train_img_40_74.jpg,./representation_syn/training_label/label_40_74.png
./representation_syn/training_img/train_img_40_76.jpg,./representation_syn/training_label/label_40_76.png
./representation_syn/training_img/train_img_40_78.jpg,./representation_syn/training_label/label_40_78.png
./representation_syn/training_img/train_img_40_8.jpg,./representation_syn/training_label/label_40_8.png
./representation_syn/training_img/train_img_42_0.jpg,./representation_syn/training_label/label_42_0.png
./representation_syn/training_img/train_img_42_10.jpg,./representation_syn/training_label/label_42_10.png
./representation_syn/training_img/train_img_42_12.jpg,./representation_syn/training_label/label_42_12.png
./representation_syn/training_img/train_img_42_14.jpg,./representation_syn/training_label/label_42_14.png
./representation_syn/training_img/train_img_42_16.jpg,./representation_syn/training_label/label_42_16.png
./representation_syn/training_img/train_img_42_18.jpg,./representation_syn/training_label/label_42_18.png
./representation_syn/training_img/train_img_42_2.jpg,./representation_syn/training_label/label_42_2.png
./representation_syn/training_img/train_img_42_20.jpg,./representation_syn/training_label/label_42_20.png
./representation_syn/training_img/train_img_42_22.jpg,./representation_syn/training_label/label_42_22.png
./representation_syn/training_img/train_img_42_24.jpg,./representation_syn/training_label/label_42_24.png
./representation_syn/training_img/train_img_42_26.jpg,./representation_syn/training_label/label_42_26.png
./representation_syn/training_img/train_img_42_28.jpg,./representation_syn/training_label/label_42_28.png
./representation_syn/training_img/train_img_42_30.jpg,./representation_syn/training_label/label_42_30.png
./representation_syn/training_img/train_img_42_32.jpg,./representation_syn/training_label/label_42_32.png
./representation_syn/training_img/train_img_42_34.jpg,./representation_syn/training_label/label_42_34.png
./representation_syn/training_img/train_img_42_36.jpg,./representation_syn/training_label/label_42_36.png
./representation_syn/training_img/train_img_42_38.jpg,./representation_syn/training_label/label_42_38.png
./representation_syn/training_img/train_img_42_4.jpg,./representation_syn/training_label/label_42_4.png
./representation_syn/training_img/train_img_42_40.jpg,./representation_syn/training_label/label_42_40.png
./representation_syn/training_img/train_img_42_42.jpg,./representation_syn/training_label/label_42_42.png
./representation_syn/training_img/train_img_42_44.jpg,./representation_syn/training_label/label_42_44.png
./representation_syn/training_img/train_img_42_46.jpg,./representation_syn/training_label/label_42_46.png
./representation_syn/training_img/train_img_42_48.jpg,./representation_syn/training_label/label_42_48.png
./representation_syn/training_img/train_img_42_50.jpg,./representation_syn/training_label/label_42_50.png
./representation_syn/training_img/train_img_42_52.jpg,./representation_syn/training_label/label_42_52.png
./representation_syn/training_img/train_img_42_54.jpg,./representation_syn/training_label/label_42_54.png
./representation_syn/training_img/train_img_42_56.jpg,./representation_syn/training_label/label_42_56.png
./representation_syn/training_img/train_img_42_58.jpg,./representation_syn/training_label/label_42_58.png
./representation_syn/training_img/train_img_42_6.jpg,./representation_syn/training_label/label_42_6.png
./representation_syn/training_img/train_img_42_60.jpg,./representation_syn/training_label/label_42_60.png
./representation_syn/training_img/train_img_42_62.jpg,./representation_syn/training_label/label_42_62.png
./representation_syn/training_img/train_img_42_64.jpg,./representation_syn/training_label/label_42_64.png
./representation_syn/training_img/train_img_42_66.jpg,./representation_syn/training_label/label_42_66.png
./representation_syn/training_img/train_img_42_68.jpg,./representation_syn/training_label/label_42_68.png
./representation_syn/training_img/train_img_42_70.jpg,./representation_syn/training_label/label_42_70.png
./representation_syn/training_img/train_img_42_72.jpg,./representation_syn/training_label/label_42_72.png
./representation_syn/training_img/train_img_42_74.jpg,./representation_syn/training_label/label_42_74.png
./representation_syn/training_img/train_img_42_76.jpg,./representation_syn/training_label/label_42_76.png
./representation_syn/training_img/train_img_42_78.jpg,./representation_syn/training_label/label_42_78.png
./representation_syn/training_img/train_img_42_8.jpg,./representation_syn/training_label/label_42_8.png
./representation_syn/training_img/train_img_44_0.jpg,./representation_syn/training_label/label_44_0.png
./representation_syn/training_img/train_img_44_10.jpg,./representation_syn/training_label/label_44_10.png
./representation_syn/training_img/train_img_44_12.jpg,./representation_syn/training_label/label_44_12.png
./representation_syn/training_img/train_img_44_14.jpg,./representation_syn/training_label/label_44_14.png
./representation_syn/training_img/train_img_44_16.jpg,./representation_syn/training_label/label_44_16.png
./representation_syn/training_img/train_img_44_18.jpg,./representation_syn/training_label/label_44_18.png
./representation_syn/training_img/train_img_44_2.jpg,./representation_syn/training_label/label_44_2.png
./representation_syn/training_img/train_img_44_20.jpg,./representation_syn/training_label/label_44_20.png
./representation_syn/training_img/train_img_44_22.jpg,./representation_syn/training_label/label_44_22.png
./representation_syn/training_img/train_img_44_24.jpg,./representation_syn/training_label/label_44_24.png
./representation_syn/training_img/train_img_44_26.jpg,./representation_syn/training_label/label_44_26.png
./representation_syn/training_img/train_img_44_28.jpg,./representation_syn/training_label/label_44_28.png
./representation_syn/training_img/train_img_44_30.jpg,./representation_syn/training_label/label_44_30.png
./representation_syn/training_img/train_img_44_32.jpg,./representation_syn/training_label/label_44_32.png
./representation_syn/training_img/train_img_44_34.jpg,./representation_syn/training_label/label_44_34.png
./representation_syn/training_img/train_img_44_36.jpg,./representation_syn/training_label/label_44_36.png
./representation_syn/training_img/train_img_44_38.jpg,./representation_syn/training_label/label_44_38.png
./representation_syn/training_img/train_img_44_4.jpg,./representation_syn/training_label/label_44_4.png
./representation_syn/training_img/train_img_44_40.jpg,./representation_syn/training_label/label_44_40.png
./representation_syn/training_img/train_img_44_42.jpg,./representation_syn/training_label/label_44_42.png
./representation_syn/training_img/train_img_44_44.jpg,./representation_syn/training_label/label_44_44.png
./representation_syn/training_img/train_img_44_46.jpg,./representation_syn/training_label/label_44_46.png
./representation_syn/training_img/train_img_44_48.jpg,./representation_syn/training_label/label_44_48.png
./representation_syn/training_img/train_img_44_50.jpg,./representation_syn/training_label/label_44_50.png
./representation_syn/training_img/train_img_44_52.jpg,./representation_syn/training_label/label_44_52.png
./representation_syn/training_img/train_img_44_54.jpg,./representation_syn/training_label/label_44_54.png
./representation_syn/training_img/train_img_44_56.jpg,./representation_syn/training_label/label_44_56.png
./representation_syn/training_img/train_img_44_58.jpg,./representation_syn/training_label/label_44_58.png
./representation_syn/training_img/train_img_44_6.jpg,./representation_syn/training_label/label_44_6.png
./representation_syn/training_img/train_img_44_60.jpg,./representation_syn/training_label/label_44_60.png
./representation_syn/training_img/train_img_44_62.jpg,./representation_syn/training_label/label_44_62.png
./representation_syn/training_img/train_img_44_64.jpg,./representation_syn/training_label/label_44_64.png
./representation_syn/training_img/train_img_44_66.jpg,./representation_syn/training_label/label_44_66.png
./representation_syn/training_img/train_img_44_68.jpg,./representation_syn/training_label/label_44_68.png
./representation_syn/training_img/train_img_44_70.jpg,./representation_syn/training_label/label_44_70.png
./representation_syn/training_img/train_img_44_72.jpg,./representation_syn/training_label/label_44_72.png
./representation_syn/training_img/train_img_44_74.jpg,./representation_syn/training_label/label_44_74.png
./representation_syn/training_img/train_img_44_76.jpg,./representation_syn/training_label/label_44_76.png
./representation_syn/training_img/train_img_44_78.jpg,./representation_syn/training_label/label_44_78.png
./representation_syn/training_img/train_img_44_8.jpg,./representation_syn/training_label/label_44_8.png
./representation_syn/training_img/train_img_4_0.jpg,./representation_syn/training_label/label_4_0.png
./representation_syn/training_img/train_img_4_10.jpg,./representation_syn/training_label/label_4_10.png
./representation_syn/training_img/train_img_4_12.jpg,./representation_syn/training_label/label_4_12.png
./representation_syn/training_img/train_img_4_14.jpg,./representation_syn/training_label/label_4_14.png
./representation_syn/training_img/train_img_4_16.jpg,./representation_syn/training_label/label_4_16.png
./representation_syn/training_img/train_img_4_18.jpg,./representation_syn/training_label/label_4_18.png
./representation_syn/training_img/train_img_4_2.jpg,./representation_syn/training_label/label_4_2.png
./representation_syn/training_img/train_img_4_20.jpg,./representation_syn/training_label/label_4_20.png
./representation_syn/training_img/train_img_4_22.jpg,./representation_syn/training_label/label_4_22.png
./representation_syn/training_img/train_img_4_24.jpg,./representation_syn/training_label/label_4_24.png
./representation_syn/training_img/train_img_4_26.jpg,./representation_syn/training_label/label_4_26.png
./representation_syn/training_img/train_img_4_28.jpg,./representation_syn/training_label/label_4_28.png
./representation_syn/training_img/train_img_4_30.jpg,./representation_syn/training_label/label_4_30.png
./representation_syn/training_img/train_img_4_32.jpg,./representation_syn/training_label/label_4_32.png
./representation_syn/training_img/train_img_4_34.jpg,./representation_syn/training_label/label_4_34.png
./representation_syn/training_img/train_img_4_36.jpg,./representation_syn/training_label/label_4_36.png
./representation_syn/training_img/train_img_4_38.jpg,./representation_syn/training_label/label_4_38.png
./representation_syn/training_img/train_img_4_4.jpg,./representation_syn/training_label/label_4_4.png
./representation_syn/training_img/train_img_4_40.jpg,./representation_syn/training_label/label_4_40.png
./representation_syn/training_img/train_img_4_42.jpg,./representation_syn/training_label/label_4_42.png
./representation_syn/training_img/train_img_4_44.jpg,./representation_syn/training_label/label_4_44.png
./representation_syn/training_img/train_img_4_46.jpg,./representation_syn/training_label/label_4_46.png
./representation_syn/training_img/train_img_4_48.jpg,./representation_syn/training_label/label_4_48.png
./representation_syn/training_img/train_img_4_50.jpg,./representation_syn/training_label/label_4_50.png
./representation_syn/training_img/train_img_4_52.jpg,./representation_syn/training_label/label_4_52.png
./representation_syn/training_img/train_img_4_54.jpg,./representation_syn/training_label/label_4_54.png
./representation_syn/training_img/train_img_4_56.jpg,./representation_syn/training_label/label_4_56.png
./representation_syn/training_img/train_img_4_58.jpg,./representation_syn/training_label/label_4_58.png
./representation_syn/training_img/train_img_4_6.jpg,./representation_syn/training_label/label_4_6.png
./representation_syn/training_img/train_img_4_60.jpg,./representation_syn/training_label/label_4_60.png
./representation_syn/training_img/train_img_4_62.jpg,./representation_syn/training_label/label_4_62.png
./representation_syn/training_img/train_img_4_64.jpg,./representation_syn/training_label/label_4_64.png
./representation_syn/training_img/train_img_4_66.jpg,./representation_syn/training_label/label_4_66.png
./representation_syn/training_img/train_img_4_68.jpg,./representation_syn/training_label/label_4_68.png
./representation_syn/training_img/train_img_4_70.jpg,./representation_syn/training_label/label_4_70.png
./representation_syn/training_img/train_img_4_72.jpg,./representation_syn/training_label/label_4_72.png
./representation_syn/training_img/train_img_4_74.jpg,./representation_syn/training_label/label_4_74.png
./representation_syn/training_img/train_img_4_76.jpg,./representation_syn/training_label/label_4_76.png
./representation_syn/training_img/train_img_4_78.jpg,./representation_syn/training_label/label_4_78.png
./representation_syn/training_img/train_img_4_8.jpg,./representation_syn/training_label/label_4_8.png
./representation_syn/training_img/train_img_6_0.jpg,./representation_syn/training_label/label_6_0.png
./representation_syn/training_img/train_img_6_10.jpg,./representation_syn/training_label/label_6_10.png
./representation_syn/training_img/train_img_6_12.jpg,./representation_syn/training_label/label_6_12.png
./representation_syn/training_img/train_img_6_14.jpg,./representation_syn/training_label/label_6_14.png
./representation_syn/training_img/train_img_6_16.jpg,./representation_syn/training_label/label_6_16.png
./representation_syn/training_img/train_img_6_18.jpg,./representation_syn/training_label/label_6_18.png
./representation_syn/training_img/train_img_6_2.jpg,./representation_syn/training_label/label_6_2.png
./representation_syn/training_img/train_img_6_20.jpg,./representation_syn/training_label/label_6_20.png
./representation_syn/training_img/train_img_6_22.jpg,./representation_syn/training_label/label_6_22.png
./representation_syn/training_img/train_img_6_24.jpg,./representation_syn/training_label/label_6_24.png
./representation_syn/training_img/train_img_6_26.jpg,./representation_syn/training_label/label_6_26.png
./representation_syn/training_img/train_img_6_28.jpg,./representation_syn/training_label/label_6_28.png
./representation_syn/training_img/train_img_6_30.jpg,./representation_syn/training_label/label_6_30.png
./representation_syn/training_img/train_img_6_32.jpg,./representation_syn/training_label/label_6_32.png
./representation_syn/training_img/train_img_6_34.jpg,./representation_syn/training_label/label_6_34.png
./representation_syn/training_img/train_img_6_36.jpg,./representation_syn/training_label/label_6_36.png
./representation_syn/training_img/train_img_6_38.jpg,./representation_syn/training_label/label_6_38.png
./representation_syn/training_img/train_img_6_4.jpg,./representation_syn/training_label/label_6_4.png
./representation_syn/training_img/train_img_6_40.jpg,./representation_syn/training_label/label_6_40.png
./representation_syn/training_img/train_img_6_42.jpg,./representation_syn/training_label/label_6_42.png
./representation_syn/training_img/train_img_6_44.jpg,./representation_syn/training_label/label_6_44.png
./representation_syn/training_img/train_img_6_46.jpg,./representation_syn/training_label/label_6_46.png
./representation_syn/training_img/train_img_6_48.jpg,./representation_syn/training_label/label_6_48.png
./representation_syn/training_img/train_img_6_50.jpg,./representation_syn/training_label/label_6_50.png
./representation_syn/training_img/train_img_6_52.jpg,./representation_syn/training_label/label_6_52.png
./representation_syn/training_img/train_img_6_54.jpg,./representation_syn/training_label/label_6_54.png
./representation_syn/training_img/train_img_6_56.jpg,./representation_syn/training_label/label_6_56.png
./representation_syn/training_img/train_img_6_58.jpg,./representation_syn/training_label/label_6_58.png
./representation_syn/training_img/train_img_6_6.jpg,./representation_syn/training_label/label_6_6.png
./representation_syn/training_img/train_img_6_60.jpg,./representation_syn/training_label/label_6_60.png
./representation_syn/training_img/train_img_6_62.jpg,./representation_syn/training_label/label_6_62.png
./representation_syn/training_img/train_img_6_64.jpg,./representation_syn/training_label/label_6_64.png
./representation_syn/training_img/train_img_6_66.jpg,./representation_syn/training_label/label_6_66.png
./representation_syn/training_img/train_img_6_68.jpg,./representation_syn/training_label/label_6_68.png
./representation_syn/training_img/train_img_6_70.jpg,./representation_syn/training_label/label_6_70.png
./representation_syn/training_img/train_img_6_72.jpg,./representation_syn/training_label/label_6_72.png
./representation_syn/training_img/train_img_6_74.jpg,./representation_syn/training_label/label_6_74.png
./representation_syn/training_img/train_img_6_76.jpg,./representation_syn/training_label/label_6_76.png
./representation_syn/training_img/train_img_6_78.jpg,./representation_syn/training_label/label_6_78.png
./representation_syn/training_img/train_img_6_8.jpg,./representation_syn/training_label/label_6_8.png
./representation_syn/training_img/train_img_8_0.jpg,./representation_syn/training_label/label_8_0.png
./representation_syn/training_img/train_img_8_10.jpg,./representation_syn/training_label/label_8_10.png
./representation_syn/training_img/train_img_8_12.jpg,./representation_syn/training_label/label_8_12.png
./representation_syn/training_img/train_img_8_14.jpg,./representation_syn/training_label/label_8_14.png
./representation_syn/training_img/train_img_8_16.jpg,./representation_syn/training_label/label_8_16.png
./representation_syn/training_img/train_img_8_18.jpg,./representation_syn/training_label/label_8_18.png
./representation_syn/training_img/train_img_8_2.jpg,./representation_syn/training_label/label_8_2.png
./representation_syn/training_img/train_img_8_20.jpg,./representation_syn/training_label/label_8_20.png
./representation_syn/training_img/train_img_8_22.jpg,./representation_syn/training_label/label_8_22.png
./representation_syn/training_img/train_img_8_24.jpg,./representation_syn/training_label/label_8_24.png
./representation_syn/training_img/train_img_8_26.jpg,./representation_syn/training_label/label_8_26.png
./representation_syn/training_img/train_img_8_28.jpg,./representation_syn/training_label/label_8_28.png
./representation_syn/training_img/train_img_8_30.jpg,./representation_syn/training_label/label_8_30.png
./representation_syn/training_img/train_img_8_32.jpg,./representation_syn/training_label/label_8_32.png
./representation_syn/training_img/train_img_8_34.jpg,./representation_syn/training_label/label_8_34.png
./representation_syn/training_img/train_img_8_36.jpg,./representation_syn/training_label/label_8_36.png
./representation_syn/training_img/train_img_8_38.jpg,./representation_syn/training_label/label_8_38.png
./representation_syn/training_img/train_img_8_4.jpg,./representation_syn/training_label/label_8_4.png
./representation_syn/training_img/train_img_8_40.jpg,./representation_syn/training_label/label_8_40.png
./representation_syn/training_img/train_img_8_42.jpg,./representation_syn/training_label/label_8_42.png
./representation_syn/training_img/train_img_8_44.jpg,./representation_syn/training_label/label_8_44.png
./representation_syn/training_img/train_img_8_46.jpg,./representation_syn/training_label/label_8_46.png
./representation_syn/training_img/train_img_8_48.jpg,./representation_syn/training_label/label_8_48.png
./representation_syn/training_img/train_img_8_50.jpg,./representation_syn/training_label/label_8_50.png
./representation_syn/training_img/train_img_8_52.jpg,./representation_syn/training_label/label_8_52.png
./representation_syn/training_img/train_img_8_54.jpg,./representation_syn/training_label/label_8_54.png
./representation_syn/training_img/train_img_8_56.jpg,./representation_syn/training_label/label_8_56.png
./representation_syn/training_img/train_img_8_58.jpg,./representation_syn/training_label/label_8_58.png
./representation_syn/training_img/train_img_8_6.jpg,./representation_syn/training_label/label_8_6.png
./representation_syn/training_img/train_img_8_60.jpg,./representation_syn/training_label/label_8_60.png
./representation_syn/training_img/train_img_8_62.jpg,./representation_syn/training_label/label_8_62.png
./representation_syn/training_img/train_img_8_64.jpg,./representation_syn/training_label/label_8_64.png
./representation_syn/training_img/train_img_8_66.jpg,./representation_syn/training_label/label_8_66.png
./representation_syn/training_img/train_img_8_68.jpg,./representation_syn/training_label/label_8_68.png
./representation_syn/training_img/train_img_8_70.jpg,./representation_syn/training_label/label_8_70.png
./representation_syn/training_img/train_img_8_72.jpg,./representation_syn/training_label/label_8_72.png
./representation_syn/training_img/train_img_8_74.jpg,./representation_syn/training_label/label_8_74.png
./representation_syn/training_img/train_img_8_76.jpg,./representation_syn/training_label/label_8_76.png
./representation_syn/training_img/train_img_8_78.jpg,./representation_syn/training_label/label_8_78.png
./representation_syn/training_img/train_img_8_8.jpg,./representation_syn/training_label/label_8_8.png
